{
  "label_aps": {
    "car": {
      "0.5": 0.8165477484688097,
      "1.0": 0.8915093950468524,
      "2.0": 0.9210084598072437,
      "4.0": 0.9273590793624145
    },
    "truck": {
      "0.5": 0.6621805463940502,
      "1.0": 0.7098536327681626,
      "2.0": 0.755365822572236,
      "4.0": 0.7841130846682233
    },
    "bus": {
      "0.5": 0.6781255183688034,
      "1.0": 0.8605087184695754,
      "2.0": 0.8928226257600123,
      "4.0": 0.9104044331638121
    },
    "trailer": {
      "0.5": 0.9455480249445162,
      "1.0": 0.9455480249445162,
      "2.0": 0.9625813614718162,
      "4.0": 0.9625813614718162
    },
    "construction_vehicle": {
      "0.5": 0.9316856726446224,
      "1.0": 0.9498866636923381,
      "2.0": 0.9498866636923381,
      "4.0": 0.9498866636923381
    },
    "pedestrian": {
      "0.5": 0.9281968981250591,
      "1.0": 0.9329817765961167,
      "2.0": 0.9386703163257457,
      "4.0": 0.9498308713735998
    },
    "motorcycle": {
      "0.5": 0.5767606053708138,
      "1.0": 0.6531605794459051,
      "2.0": 0.6766393774208012,
      "4.0": 0.6821995652566716
    },
    "bicycle": {
      "0.5": 0.39854001804145717,
      "1.0": 0.4208738060338904,
      "2.0": 0.4269420275752602,
      "4.0": 0.4269420275752602
    },
    "traffic_cone": {
      "0.5": 0.8854131324495325,
      "1.0": 0.8893651658376254,
      "2.0": 0.9013800343929536,
      "4.0": 0.9069157668529764
    },
    "barrier": {
      "0.5": 0.7223043769948776,
      "1.0": 0.8469310917487103,
      "2.0": 0.8793661920211574,
      "4.0": 0.8832813246619865
    }
  },
  "mean_dist_aps": {
    "car": 0.8891061706713301,
    "truck": 0.727878271600668,
    "bus": 0.8354653239405507,
    "trailer": 0.9540646932081662,
    "construction_vehicle": 0.9453364159304092,
    "pedestrian": 0.9374199656051304,
    "motorcycle": 0.6471900318735478,
    "bicycle": 0.418324469806467,
    "traffic_cone": 0.895768524883272,
    "barrier": 0.8329707463566829
  },
  "mean_ap": 0.8083524613876225,
  "label_tp_errors": {
    "car": {
      "trans_err": 0.1679161744808962,
      "scale_err": 0.14397192509635645,
      "orient_err": 0.08440158255630435,
      "vel_err": 0.2583159596379379,
      "attr_err": 0.17486409040866754
    },
    "truck": {
      "trans_err": 0.17061523302307785,
      "scale_err": 0.12864994525426526,
      "orient_err": 0.02269539569042938,
      "vel_err": 0.1304884248526911,
      "attr_err": 0.3622997326838428
    },
    "bus": {
      "trans_err": 0.28181593331300325,
      "scale_err": 0.1347213413704231,
      "orient_err": 0.020740985412470766,
      "vel_err": 0.4853742160963331,
      "attr_err": 0.17795051787993307
    },
    "trailer": {
      "trans_err": 0.20600957232021455,
      "scale_err": 0.26973029916845276,
      "orient_err": 0.008584203365981225,
      "vel_err": 0.006682605678371121,
      "attr_err": 0.8790322941593961
    },
    "construction_vehicle": {
      "trans_err": 0.14540338967713246,
      "scale_err": 0.2028554270105716,
      "orient_err": 0.33937687285277557,
      "vel_err": 0.03692297946219695,
      "attr_err": 0.35010620522881825
    },
    "pedestrian": {
      "trans_err": 0.11547565322668416,
      "scale_err": 0.2639893280632084,
      "orient_err": 0.28399860928578435,
      "vel_err": 0.1889679611258038,
      "attr_err": 0.09599273684475702
    },
    "motorcycle": {
      "trans_err": 0.2003711632118988,
      "scale_err": 0.23041330176690702,
      "orient_err": 0.225892444009741,
      "vel_err": 0.18219066482835125,
      "attr_err": 0.03906800124335574
    },
    "bicycle": {
      "trans_err": 0.23229787912736194,
      "scale_err": 0.2534724737887598,
      "orient_err": 0.43008908639266635,
      "vel_err": 0.25550733410999915,
      "attr_err": 0.0900126614922528
    },
    "traffic_cone": {
      "trans_err": 0.11364418464639446,
      "scale_err": 0.2582268747601102,
      "orient_err": NaN,
      "vel_err": NaN,
      "attr_err": NaN
    },
    "barrier": {
      "trans_err": 0.1978857744691577,
      "scale_err": 0.2062532038779323,
      "orient_err": 0.04557673365614769,
      "vel_err": NaN,
      "attr_err": NaN
    }
  },
  "tp_errors": {
    "trans_err": 0.18314349574958214,
    "scale_err": 0.2092284120156987,
    "orient_err": 0.1623728792469223,
    "vel_err": 0.19305626822396055,
    "attr_err": 0.2711657799926279
  },
  "tp_scores": {
    "trans_err": 0.8168565042504179,
    "scale_err": 0.7907715879843014,
    "orient_err": 0.8376271207530777,
    "vel_err": 0.8069437317760395,
    "attr_err": 0.7288342200073721
  },
  "nd_score": 0.8022795471709321,
  "eval_time": 5.420362949371338,
  "cfg": {
    "class_range": {
      "car": 50,
      "truck": 50,
      "bus": 50,
      "trailer": 50,
      "construction_vehicle": 50,
      "pedestrian": 40,
      "motorcycle": 40,
      "bicycle": 40,
      "traffic_cone": 30,
      "barrier": 30
    },
    "dist_fcn": "center_distance",
    "dist_ths": [
      0.5,
      1.0,
      2.0,
      4.0
    ],
    "dist_th_tp": 2.0,
    "min_recall": 0.1,
    "min_precision": 0.1,
    "max_boxes_per_sample": 500,
    "mean_ap_weight": 5
  },
  "meta": {
    "use_camera": false,
    "use_lidar": true,
    "use_radar": false,
    "use_map": false,
    "use_external": false
  }
}