{
  "label_aps": {
    "car": {
      "0.5": 0.8186741171221907,
      "1.0": 0.8937886351795031,
      "2.0": 0.9237406660966585,
      "4.0": 0.9370190091583867
    },
    "truck": {
      "0.5": 0.0,
      "1.0": 0.0,
      "2.0": 0.0,
      "4.0": 0.0
    },
    "bus": {
      "0.5": 0.0,
      "1.0": 0.0,
      "2.0": 0.0,
      "4.0": 0.0
    },
    "trailer": {
      "0.5": 0.0,
      "1.0": 0.0,
      "2.0": 0.0,
      "4.0": 0.0
    },
    "construction_vehicle": {
      "0.5": 0.0,
      "1.0": 0.0,
      "2.0": 0.0,
      "4.0": 0.0
    },
    "pedestrian": {
      "0.5": 0.9281968981250591,
      "1.0": 0.9329817765961167,
      "2.0": 0.9386703163257457,
      "4.0": 0.9498308713735998
    },
    "motorcycle": {
      "0.5": 0.0,
      "1.0": 0.0,
      "2.0": 0.0,
      "4.0": 0.0
    },
    "bicycle": {
      "0.5": 0.6457153716095466,
      "1.0": 0.7115081156990223,
      "2.0": 0.724100611573114,
      "4.0": 0.728481919426095
    },
    "traffic_cone": {
      "0.5": 0.7775336791786802,
      "1.0": 0.8482790745327066,
      "2.0": 0.8710268075141293,
      "4.0": 0.8762164029670217
    },
    "barrier": {
      "0.5": 0.0,
      "1.0": 0.0,
      "2.0": 0.0,
      "4.0": 0.0
    }
  },
  "mean_dist_aps": {
    "car": 0.8933056068891848,
    "truck": 0.0,
    "bus": 0.0,
    "trailer": 0.0,
    "construction_vehicle": 0.0,
    "pedestrian": 0.9374199656051304,
    "motorcycle": 0.0,
    "bicycle": 0.7024515045769444,
    "traffic_cone": 0.8432639910481345,
    "barrier": 0.0
  },
  "mean_ap": 0.33764410681193946,
  "label_tp_errors": {
    "car": {
      "trans_err": 0.1760214998640319,
      "scale_err": 0.14587904831646623,
      "orient_err": 0.08253950880379442,
      "vel_err": 0.24792293724033787,
      "attr_err": 0.20159372327111458
    },
    "truck": {
      "trans_err": 1.0,
      "scale_err": 1.0,
      "orient_err": 1.0,
      "vel_err": 1.0,
      "attr_err": 1.0
    },
    "bus": {
      "trans_err": 1.0,
      "scale_err": 1.0,
      "orient_err": 1.0,
      "vel_err": 1.0,
      "attr_err": 1.0
    },
    "trailer": {
      "trans_err": 1.0,
      "scale_err": 1.0,
      "orient_err": 1.0,
      "vel_err": 1.0,
      "attr_err": 1.0
    },
    "construction_vehicle": {
      "trans_err": 1.0,
      "scale_err": 1.0,
      "orient_err": 1.0,
      "vel_err": 1.0,
      "attr_err": 1.0
    },
    "pedestrian": {
      "trans_err": 0.11547565322668416,
      "scale_err": 0.2639893280632084,
      "orient_err": 0.28399860928578435,
      "vel_err": 0.1889679611258038,
      "attr_err": 0.09599273684475702
    },
    "motorcycle": {
      "trans_err": 1.0,
      "scale_err": 1.0,
      "orient_err": 1.0,
      "vel_err": 1.0,
      "attr_err": 1.0
    },
    "bicycle": {
      "trans_err": 0.20842707705393132,
      "scale_err": 0.2514868489989851,
      "orient_err": 0.2980400753451657,
      "vel_err": 0.22385591695382753,
      "attr_err": 0.060205118359868984
    },
    "traffic_cone": {
      "trans_err": 0.15803359297620767,
      "scale_err": 0.23333593886876752,
      "orient_err": NaN,
      "vel_err": NaN,
      "attr_err": NaN
    },
    "barrier": {
      "trans_err": 1.0,
      "scale_err": 1.0,
      "orient_err": 1.0,
      "vel_err": NaN,
      "attr_err": NaN
    }
  },
  "tp_errors": {
    "trans_err": 0.6657957823120855,
    "scale_err": 0.6894691164247428,
    "orient_err": 0.7405086881594161,
    "vel_err": 0.7075933519149962,
    "attr_err": 0.6697239473094676
  },
  "tp_scores": {
    "trans_err": 0.33420421768791453,
    "scale_err": 0.31053088357525716,
    "orient_err": 0.25949131184058394,
    "vel_err": 0.29240664808500383,
    "attr_err": 0.3302760526905324
  },
  "nd_score": 0.3215129647938989,
  "eval_time": 5.654755592346191,
  "cfg": {
    "class_range": {
      "car": 50,
      "truck": 50,
      "bus": 50,
      "trailer": 50,
      "construction_vehicle": 50,
      "pedestrian": 40,
      "motorcycle": 40,
      "bicycle": 40,
      "traffic_cone": 30,
      "barrier": 30
    },
    "dist_fcn": "center_distance",
    "dist_ths": [
      0.5,
      1.0,
      2.0,
      4.0
    ],
    "dist_th_tp": 2.0,
    "min_recall": 0.1,
    "min_precision": 0.1,
    "max_boxes_per_sample": 500,
    "mean_ap_weight": 5
  },
  "meta": {
    "use_camera": false,
    "use_lidar": true,
    "use_radar": false,
    "use_map": false,
    "use_external": false
  }
}